postcode_district,price_2021,price_2022,price_2023,price_2024_predicted,change_2021_2022,change_2022_2023,change_2023_2024
BR8,370743.8202247191,404644.0366972477,366471.4285714286,358121.17820945947,9.14,-9.43,-2.28
CT1,296684.987357775,283082.19527363183,280616.2745098039,276382.4524160617,-4.58,-0.87,-1.51
CT10,355908.2840236686,370590.32258064515,365653.7315270936,363965.00244372035,4.13,-1.33,-0.46
CT11,258392.99610894942,282068.07180851063,285801.3972055888,271231.3319012697,9.16,1.32,-5.1
CT12,271601.4962593516,295245.85635359114,276264.762295082,298842.8059129902,8.71,-6.43,8.17
CT13,341619.36090225563,373036.3321799308,368596.3855421687,350543.31944444444,9.2,-1.19,-4.9
CT14,320677.82038834953,341267.93842034804,339733.2466442953,328244.6299364123,6.42,-0.45,-3.38
CT15,330969.387755102,338878.44036697247,326957.14285714284,352839.2992378049,2.39,-3.52,7.92
CT16,235500.2151238592,265405.15972222225,251252.0969072165,262099.70077314012,12.7,-5.33,4.32
CT17,178416.2162162162,210129.03225806452,179157.25806451612,188861.32489583333,17.77,-14.74,5.42
CT18,304121.4574898785,322533.3333333333,320804.1958041958,321506.3470394737,6.05,-0.54,0.22
CT19,234584.54545454544,256665.306122449,251420.93023255814,261948.50219042055,9.41,-2.04,4.19
CT2,311833.3333333333,348744.0119760479,348230.57352941175,348829.0289115646,11.84,-0.15,0.17
CT20,252503.74181478017,260178.63582443653,258891.0855263158,257269.29392338177,3.04,-0.49,-0.63
CT21,363617.54957507085,400313.2748538012,368648.91041162226,374130.1288448953,10.09,-7.91,1.49
CT3,331609.63963963964,384338.081300813,354579.98055555555,331942.24503391475,15.9,-7.74,-6.38
CT4,383178.5028790787,412219.93769470404,415655.3070866142,415759.97288306453,7.58,0.83,0.03
CT5,392125.83518930955,419016.35111876077,409614.7619047619,398458.0513516636,6.86,-2.24,-2.72
CT6,318801.00619195047,343092.7710843373,327653.3822152886,328759.81542579684,7.62,-4.5,0.34
CT7,303105.46875,346543.4651162791,335256.41025641025,325953.6422483766,14.33,-3.26,-2.77
CT8,252235.45081967214,287770.0,286172.6618705036,272355.0176303476,14.09,-0.56,-4.83
CT9,263424.6966115051,272949.8869223205,285771.5616045845,274472.01709487755,3.62,4.7,-3.95
DA1,317293.42979127134,331708.921460177,343562.55287009064,323423.5008281032,4.54,3.57,-5.86
DA10,292206.63265306124,274366.6666666667,336121.9512195122,321455.06732253084,-6.11,22.51,-4.36
DA11,293405.919395466,298803.0505181347,277776.96985815605,281609.1308734263,1.84,-7.04,1.38
DA12,313137.2549019608,339137.16814159293,341454.36579572444,328088.7489690722,8.3,0.68,-3.91
DA13,455247.08171206224,493514.85148514854,494353.5714285714,467730.92271706584,8.41,0.17,-5.39
DA2,362705.4054054054,398049.1525423729,393493.58974358975,374199.8270408163,9.74,-1.14,-4.9
DA3,450588.9726027397,460141.69381107495,481809.3220338983,505211.84027777775,2.12,4.71,4.86
DA4,344228.5714285714,370058.44155844155,355518.0722891566,349445.36204268294,7.5,-3.93,-1.71
DA5,489359.47712418303,522762.71186440677,518896.1038961039,510917.63425925927,6.83,-0.74,-1.54
DA9,336201.3475177305,380628.66096866096,350844.3252840909,311241.80154293374,13.21,-7.83,-11.29
ME1,305987.5463414634,339176.96774193546,348716.89497716894,333400.9922839506,10.85,2.81,-4.39
ME10,271696.73616103525,311173.4470989761,307304.0770101925,316468.8125836307,14.53,-1.24,2.98
ME11,267407.8014184397,298062.5,270337.7192982456,303793.0915605096,11.46,-9.3,12.38
ME12,256232.87671232875,270342.2712933754,265048.42342342343,273559.74210858584,5.51,-1.96,3.21
ME13,346491.6771752837,364766.7393292683,333102.5356125356,329717.5829432819,5.27,-8.68,-1.02
ME14,327786.2,342164.4657863145,300321.31516587676,320751.3032083863,4.39,-12.23,6.8
ME15,318828.58990944375,342183.88791593694,341713.11475409835,315698.0772976069,7.33,-0.14,-7.61
ME16,303125.32133676094,321030.21806853585,308654.83234714007,302669.7689659827,5.91,-3.85,-1.94
ME17,375549.403,412742.39612188365,408173.33980582526,387391.0311300384,9.9,-1.11,-5.09
ME18,416946.2775330396,465565.2173913043,388487.65432098764,387468.59970238095,11.66,-16.56,-0.26
ME19,454482.07258064515,479346.5566037736,487997.3123486683,488134.52590558195,5.47,1.8,0.03
ME20,334386.8131868132,380680.5970149254,366632.7272727273,369097.6601151316,13.84,-3.69,0.67
ME3,447543.47826086957,456744.89795918367,495920.28985507245,445091.5585387324,2.06,8.58,-10.25
ME6,291577.4647887324,287298.1651376147,296718.3908045977,290296.3519467213,-1.47,3.28,-2.16
ME9,334656.7164179105,335621.8181818182,360843.3734939759,338522.78916484717,0.29,7.51,-6.19
TN1,298284.7896440129,304890.43209876545,288210.01515151514,287469.2729928862,2.21,-5.47,-0.26
TN10,453884.44444444444,528202.4539877301,488678.5714285714,457418.6640625,16.37,-7.48,-6.4
TN11,460029.4117647059,532092.5110132159,503098.4251968504,516408.0766752577,15.66,-5.45,2.65
TN12,445618.3133187773,471332.2477876106,422497.74962063733,435645.48198712623,5.77,-10.36,3.11
TN13,606812.7847533632,718485.7954545454,665597.9848866499,642110.0273085586,18.4,-7.36,-3.53
TN14,518286.496350365,553221.8844984802,521711.2068965517,526488.8925702812,6.74,-5.7,0.92
TN15,464504.95049504953,484597.6666666667,484965.60846560844,473180.0449074074,4.33,0.08,-2.43
TN16,514119.17098445597,547512.3966942149,510237.62376237626,500140.197337963,6.5,-6.81,-1.98
TN17,431309.67741935485,415481.1320754717,460702.47933884297,427985.7356557377,-3.67,10.88,-7.1
TN18,480599.1902834008,427304.6357615894,502273.46774193546,439549.08580508473,-11.09,17.54,-12.49
TN2,448883.9285714286,489379.64250248263,467224.6556671449,423446.0152529762,9.02,-4.53,-9.37
TN23,257054.4834307992,276869.6172248804,271942.429022082,278376.56154486677,7.71,-1.78,2.37
TN24,313639.8109517601,347382.3801652893,330555.55555555556,335018.47296277666,10.76,-4.84,1.35
TN25,357106.80555555556,385162.85714285716,421823.4323432343,435341.58733974356,7.86,9.52,3.2
TN26,406632.1212121212,475240.5138888889,462703.26171875,463919.86769636016,16.87,-2.64,0.26
TN27,465094.8755490483,502764.26767676766,508469.8387096774,499383.0284615385,8.1,1.13,-1.79
TN28,327779.7727272727,365171.23287671234,383860.29411764705,355990.41297468357,11.41,5.12,-7.26
TN29,291674.92711370264,319730.6034482759,308675.6756756757,311966.3033494475,9.62,-3.46,1.07
TN3,644453.125,765119.4285714285,646184.2105263157,546750.4504076086,18.72,-15.54,-15.39
TN30,405941.40625,426682.131147541,445116.9590643275,422400.0164366883,5.11,4.32,-5.1
TN4,413333.93177737884,466871.03594080335,424193.3962264151,426569.1966609589,12.95,-9.14,0.56
TN8,484706.940874036,521873.3766233766,507848.1100478469,467427.53309729067,7.67,-2.69,-7.96
TN9,367519.5517241379,351741.34419551934,345923.8670694864,350672.6957325269,-4.29,-1.65,1.37
